timestamp,hostname,cpu_model,logical_cores,os,python_version,aegisq_version,git_commit,git_dirty,experiment,circuit_family,qubits,precision,ranks,thread_policy,repeats_per_launch,trial,first_wall_s,second_wall_s,apparent_change
2026-09-20T18:06:27-0700,pias-MacBook-Pro.local,Apple M2,8,macOS-15.6.1-arm64-arm-64bit,3.12.14,0.1.0,60780a80765f2cd07ae227919d67fe52f729819a,1,calibration,ghz,20,fp64,2,fixed-total-cores,3,0,0.0077791670337319,0.0071482080966234,-0.08110880437102663
2026-09-20T18:06:28-0700,pias-MacBook-Pro.local,Apple M2,8,macOS-15.6.1-arm64-arm-64bit,3.12.14,0.1.0,60780a80765f2cd07ae227919d67fe52f729819a,1,calibration,ghz,20,fp64,2,fixed-total-cores,3,1,0.007694249972701,0.0070514576509594,-0.08354190779117011
2026-09-20T18:06:28-0700,pias-MacBook-Pro.local,Apple M2,8,macOS-15.6.1-arm64-arm-64bit,3.12.14,0.1.0,60780a80765f2cd07ae227919d67fe52f729819a,1,calibration,ghz,20,fp64,2,fixed-total-cores,3,2,0.0073804585263133,0.006855041719973,-0.07119026608808236
2026-09-20T18:06:29-0700,pias-MacBook-Pro.local,Apple M2,8,macOS-15.6.1-arm64-arm-64bit,3.12.14,0.1.0,60780a80765f2cd07ae227919d67fe52f729819a,1,calibration,ghz,20,fp64,2,fixed-total-cores,3,3,0.007435125298798,0.0077305827289819,0.03973805663122648
2026-09-20T18:06:30-0700,pias-MacBook-Pro.local,Apple M2,8,macOS-15.6.1-arm64-arm-64bit,3.12.14,0.1.0,60780a80765f2cd07ae227919d67fe52f729819a,1,calibration,ghz,20,fp64,2,fixed-total-cores,3,4,0.0075652925297617,0.0075528752058744,-0.0016413540968113237
2026-09-20T18:06:30-0700,pias-MacBook-Pro.local,Apple M2,8,macOS-15.6.1-arm64-arm-64bit,3.12.14,0.1.0,60780a80765f2cd07ae227919d67fe52f729819a,1,calibration,ghz,20,fp64,2,fixed-total-cores,3,5,0.0082567911595106,0.0077996253967285,-0.05536845415491866
2026-09-20T18:06:31-0700,pias-MacBook-Pro.local,Apple M2,8,macOS-15.6.1-arm64-arm-64bit,3.12.14,0.1.0,60780a80765f2cd07ae227919d67fe52f729819a,1,calibration,ghz,20,fp64,2,fixed-total-cores,3,6,0.0070617077872157,0.0077184168621897,0.09299578724609453
2026-09-20T18:06:32-0700,pias-MacBook-Pro.local,Apple M2,8,macOS-15.6.1-arm64-arm-64bit,3.12.14,0.1.0,60780a80765f2cd07ae227919d67fe52f729819a,1,calibration,ghz,20,fp64,2,fixed-total-cores,3,7,0.0072797918692231,0.0072814170271158,0.00022324235663539343
2026-09-20T18:06:32-0700,pias-MacBook-Pro.local,Apple M2,8,macOS-15.6.1-arm64-arm-64bit,3.12.14,0.1.0,60780a80765f2cd07ae227919d67fe52f729819a,1,calibration,ghz,20,fp64,2,fixed-total-cores,3,8,0.0069393748417496,0.0068921251222491,-0.006808930282340287
2026-09-20T18:06:33-0700,pias-MacBook-Pro.local,Apple M2,8,macOS-15.6.1-arm64-arm-64bit,3.12.14,0.1.0,60780a80765f2cd07ae227919d67fe52f729819a,1,calibration,ghz,20,fp64,2,fixed-total-cores,3,9,0.006944041699171,0.0071762902662158,0.03344573335043862
2026-09-20T18:06:36-0700,pias-MacBook-Pro.local,Apple M2,8,macOS-15.6.1-arm64-arm-64bit,3.12.14,0.1.0,60780a80765f2cd07ae227919d67fe52f729819a,1,calibration,qft,20,fp64,2,fixed-total-cores,3,0,0.29192900005728,0.2866204576566815,-0.018184361264406503
2026-09-20T18:06:39-0700,pias-MacBook-Pro.local,Apple M2,8,macOS-15.6.1-arm64-arm-64bit,3.12.14,0.1.0,60780a80765f2cd07ae227919d67fe52f729819a,1,calibration,qft,20,fp64,2,fixed-total-cores,3,1,0.2901541674509644,0.2887752503156662,-0.004752360262174181
2026-09-20T18:06:42-0700,pias-MacBook-Pro.local,Apple M2,8,macOS-15.6.1-arm64-arm-64bit,3.12.14,0.1.0,60780a80765f2cd07ae227919d67fe52f729819a,1,calibration,qft,20,fp64,2,fixed-total-cores,3,2,0.2927297502756119,0.3006725832819938,0.027133671924030853
2026-09-20T18:06:45-0700,pias-MacBook-Pro.local,Apple M2,8,macOS-15.6.1-arm64-arm-64bit,3.12.14,0.1.0,60780a80765f2cd07ae227919d67fe52f729819a,1,calibration,qft,20,fp64,2,fixed-total-cores,3,3,0.288932291790843,0.2930021248757839,0.014085767498383486
2026-09-20T18:06:48-0700,pias-MacBook-Pro.local,Apple M2,8,macOS-15.6.1-arm64-arm-64bit,3.12.14,0.1.0,60780a80765f2cd07ae227919d67fe52f729819a,1,calibration,qft,20,fp64,2,fixed-total-cores,3,4,0.2876357901841402,0.2878783335909247,0.0008432309714629261
2026-09-20T18:06:51-0700,pias-MacBook-Pro.local,Apple M2,8,macOS-15.6.1-arm64-arm-64bit,3.12.14,0.1.0,60780a80765f2cd07ae227919d67fe52f729819a,1,calibration,qft,20,fp64,2,fixed-total-cores,3,5,0.2867676662281155,0.2910449160262942,0.014915383782410958
2026-09-20T18:06:54-0700,pias-MacBook-Pro.local,Apple M2,8,macOS-15.6.1-arm64-arm-64bit,3.12.14,0.1.0,60780a80765f2cd07ae227919d67fe52f729819a,1,calibration,qft,20,fp64,2,fixed-total-cores,3,6,0.2925207074731588,0.2895737076178193,-0.010074499958639281
2026-09-20T18:06:57-0700,pias-MacBook-Pro.local,Apple M2,8,macOS-15.6.1-arm64-arm-64bit,3.12.14,0.1.0,60780a80765f2cd07ae227919d67fe52f729819a,1,calibration,qft,20,fp64,2,fixed-total-cores,3,7,0.2871948750689626,0.2877445826306939,0.0019140576989730063
2026-09-20T18:07:00-0700,pias-MacBook-Pro.local,Apple M2,8,macOS-15.6.1-arm64-arm-64bit,3.12.14,0.1.0,60780a80765f2cd07ae227919d67fe52f729819a,1,calibration,qft,20,fp64,2,fixed-total-cores,3,8,0.2900703325867653,0.2907919585704803,0.002487762113690653
2026-09-20T18:07:03-0700,pias-MacBook-Pro.local,Apple M2,8,macOS-15.6.1-arm64-arm-64bit,3.12.14,0.1.0,60780a80765f2cd07ae227919d67fe52f729819a,1,calibration,qft,20,fp64,2,fixed-total-cores,3,9,0.2904070410877466,0.2888045823201537,-0.005517974914074908
2026-09-20T18:07:04-0700,pias-MacBook-Pro.local,Apple M2,8,macOS-15.6.1-arm64-arm-64bit,3.12.14,0.1.0,60780a80765f2cd07ae227919d67fe52f729819a,1,calibration,ising,20,fp64,2,fixed-total-cores,3,0,0.1079465001821518,0.1085760835558176,0.005832364852991379
2026-09-20T18:07:06-0700,pias-MacBook-Pro.local,Apple M2,8,macOS-15.6.1-arm64-arm-64bit,3.12.14,0.1.0,60780a80765f2cd07ae227919d67fe52f729819a,1,calibration,ising,20,fp64,2,fixed-total-cores,3,1,0.1091333329677581,0.1079196250066161,-0.011121331385531556
2026-09-20T18:07:07-0700,pias-MacBook-Pro.local,Apple M2,8,macOS-15.6.1-arm64-arm-64bit,3.12.14,0.1.0,60780a80765f2cd07ae227919d67fe52f729819a,1,calibration,ising,20,fp64,2,fixed-total-cores,3,2,0.108545291237533,0.1090212911367416,0.004385265300610378
2026-09-20T18:07:09-0700,pias-MacBook-Pro.local,Apple M2,8,macOS-15.6.1-arm64-arm-64bit,3.12.14,0.1.0,60780a80765f2cd07ae227919d67fe52f729819a,1,calibration,ising,20,fp64,2,fixed-total-cores,3,3,0.1094762086868286,0.1095286663621664,0.000479169638472479
2026-09-20T18:07:10-0700,pias-MacBook-Pro.local,Apple M2,8,macOS-15.6.1-arm64-arm-64bit,3.12.14,0.1.0,60780a80765f2cd07ae227919d67fe52f729819a,1,calibration,ising,20,fp64,2,fixed-total-cores,3,4,0.1084547927603125,0.1098303757607936,0.01268346898713061
2026-09-20T18:07:12-0700,pias-MacBook-Pro.local,Apple M2,8,macOS-15.6.1-arm64-arm-64bit,3.12.14,0.1.0,60780a80765f2cd07ae227919d67fe52f729819a,1,calibration,ising,20,fp64,2,fixed-total-cores,3,5,0.1093786247074604,0.1094226660206914,0.0004026500913572689
2026-09-20T18:07:13-0700,pias-MacBook-Pro.local,Apple M2,8,macOS-15.6.1-arm64-arm-64bit,3.12.14,0.1.0,60780a80765f2cd07ae227919d67fe52f729819a,1,calibration,ising,20,fp64,2,fixed-total-cores,3,6,0.1085200831294059,0.1083063753321766,-0.0019692926052633573
2026-09-20T18:07:15-0700,pias-MacBook-Pro.local,Apple M2,8,macOS-15.6.1-arm64-arm-64bit,3.12.14,0.1.0,60780a80765f2cd07ae227919d67fe52f729819a,1,calibration,ising,20,fp64,2,fixed-total-cores,3,7,0.1085043745115399,0.1082125827670097,-0.0026892164103408354
2026-09-20T18:07:16-0700,pias-MacBook-Pro.local,Apple M2,8,macOS-15.6.1-arm64-arm-64bit,3.12.14,0.1.0,60780a80765f2cd07ae227919d67fe52f729819a,1,calibration,ising,20,fp64,2,fixed-total-cores,3,8,0.1084530418738722,0.1089335829019546,0.004430867219393017
2026-09-20T18:07:17-0700,pias-MacBook-Pro.local,Apple M2,8,macOS-15.6.1-arm64-arm-64bit,3.12.14,0.1.0,60780a80765f2cd07ae227919d67fe52f729819a,1,calibration,ising,20,fp64,2,fixed-total-cores,3,9,0.1082660844549536,0.110650292597711,0.02202174535784013
2026-09-20T18:07:22-0700,pias-MacBook-Pro.local,Apple M2,8,macOS-15.6.1-arm64-arm-64bit,3.12.14,0.1.0,60780a80765f2cd07ae227919d67fe52f729819a,1,calibration,grover,20,fp64,2,fixed-total-cores,3,0,0.398299042135477,0.5034884596243501,0.2640965866372685
2026-09-20T18:07:27-0700,pias-MacBook-Pro.local,Apple M2,8,macOS-15.6.1-arm64-arm-64bit,3.12.14,0.1.0,60780a80765f2cd07ae227919d67fe52f729819a,1,calibration,grover,20,fp64,2,fixed-total-cores,3,1,0.4344785837456584,0.4041693331673741,-0.06976005656478387
2026-09-20T18:07:32-0700,pias-MacBook-Pro.local,Apple M2,8,macOS-15.6.1-arm64-arm-64bit,3.12.14,0.1.0,60780a80765f2cd07ae227919d67fe52f729819a,1,calibration,grover,20,fp64,2,fixed-total-cores,3,2,0.4027482504025101,0.399041167460382,-0.00920446690562463
2026-09-20T18:07:36-0700,pias-MacBook-Pro.local,Apple M2,8,macOS-15.6.1-arm64-arm-64bit,3.12.14,0.1.0,60780a80765f2cd07ae227919d67fe52f729819a,1,calibration,grover,20,fp64,2,fixed-total-cores,3,3,0.49490512534976,0.4885603748261928,-0.012820135008873124
2026-09-20T18:07:41-0700,pias-MacBook-Pro.local,Apple M2,8,macOS-15.6.1-arm64-arm-64bit,3.12.14,0.1.0,60780a80765f2cd07ae227919d67fe52f729819a,1,calibration,grover,20,fp64,2,fixed-total-cores,3,4,0.4953078748658299,0.4113455405458808,-0.1695154439906553
2026-09-20T18:07:45-0700,pias-MacBook-Pro.local,Apple M2,8,macOS-15.6.1-arm64-arm-64bit,3.12.14,0.1.0,60780a80765f2cd07ae227919d67fe52f729819a,1,calibration,grover,20,fp64,2,fixed-total-cores,3,5,0.4010578747838735,0.3971069995313883,-0.009851134963038218
2026-09-20T18:07:49-0700,pias-MacBook-Pro.local,Apple M2,8,macOS-15.6.1-arm64-arm-64bit,3.12.14,0.1.0,60780a80765f2cd07ae227919d67fe52f729819a,1,calibration,grover,20,fp64,2,fixed-total-cores,3,6,0.3976832497864961,0.3933735825121403,-0.010836934360875296
2026-09-20T18:07:53-0700,pias-MacBook-Pro.local,Apple M2,8,macOS-15.6.1-arm64-arm-64bit,3.12.14,0.1.0,60780a80765f2cd07ae227919d67fe52f729819a,1,calibration,grover,20,fp64,2,fixed-total-cores,3,7,0.4176296656951308,0.4722479162737727,0.13078153939982115
2026-09-20T18:07:58-0700,pias-MacBook-Pro.local,Apple M2,8,macOS-15.6.1-arm64-arm-64bit,3.12.14,0.1.0,60780a80765f2cd07ae227919d67fe52f729819a,1,calibration,grover,20,fp64,2,fixed-total-cores,3,8,0.4768323330208659,0.3965982906520366,-0.16826468511588602
2026-09-20T18:08:01-0700,pias-MacBook-Pro.local,Apple M2,8,macOS-15.6.1-arm64-arm-64bit,3.12.14,0.1.0,60780a80765f2cd07ae227919d67fe52f729819a,1,calibration,grover,20,fp64,2,fixed-total-cores,3,9,0.3974407082423568,0.3914714157581329,-0.015019328318486848
2026-09-20T18:08:03-0700,pias-MacBook-Pro.local,Apple M2,8,macOS-15.6.1-arm64-arm-64bit,3.12.14,0.1.0,60780a80765f2cd07ae227919d67fe52f729819a,1,calibration,random,20,fp64,2,fixed-total-cores,3,0,0.0912071242928505,0.092909500002861,0.018664942275172094
2026-09-20T18:08:04-0700,pias-MacBook-Pro.local,Apple M2,8,macOS-15.6.1-arm64-arm-64bit,3.12.14,0.1.0,60780a80765f2cd07ae227919d67fe52f729819a,1,calibration,random,20,fp64,2,fixed-total-cores,3,1,0.09104641713202,0.0911179166287183,0.000785308186203898
2026-09-20T18:08:05-0700,pias-MacBook-Pro.local,Apple M2,8,macOS-15.6.1-arm64-arm-64bit,3.12.14,0.1.0,60780a80765f2cd07ae227919d67fe52f729819a,1,calibration,random,20,fp64,2,fixed-total-cores,3,2,0.0915181254968047,0.0899935830384492,-0.016658366308089697
2026-09-20T18:08:07-0700,pias-MacBook-Pro.local,Apple M2,8,macOS-15.6.1-arm64-arm-64bit,3.12.14,0.1.0,60780a80765f2cd07ae227919d67fe52f729819a,1,calibration,random,20,fp64,2,fixed-total-cores,3,3,0.0914198327809572,0.0911587914451956,-0.0028554125272471924
2026-09-20T18:08:08-0700,pias-MacBook-Pro.local,Apple M2,8,macOS-15.6.1-arm64-arm-64bit,3.12.14,0.1.0,60780a80765f2cd07ae227919d67fe52f729819a,1,calibration,random,20,fp64,2,fixed-total-cores,3,4,0.1040532495826482,0.0933501245453953,-0.10286199691199005
2026-09-20T18:08:10-0700,pias-MacBook-Pro.local,Apple M2,8,macOS-15.6.1-arm64-arm-64bit,3.12.14,0.1.0,60780a80765f2cd07ae227919d67fe52f729819a,1,calibration,random,20,fp64,2,fixed-total-cores,3,5,0.1013257503509521,0.0912677906453609,-0.09926360940584628
2026-09-20T18:08:11-0700,pias-MacBook-Pro.local,Apple M2,8,macOS-15.6.1-arm64-arm-64bit,3.12.14,0.1.0,60780a80765f2cd07ae227919d67fe52f729819a,1,calibration,random,20,fp64,2,fixed-total-cores,3,6,0.0908985417336225,0.0917168743908405,0.009002703911533861
2026-09-20T18:08:12-0700,pias-MacBook-Pro.local,Apple M2,8,macOS-15.6.1-arm64-arm-64bit,3.12.14,0.1.0,60780a80765f2cd07ae227919d67fe52f729819a,1,calibration,random,20,fp64,2,fixed-total-cores,3,7,0.0911284172907471,0.0926489168778061,0.016685240809217853
2026-09-20T18:08:14-0700,pias-MacBook-Pro.local,Apple M2,8,macOS-15.6.1-arm64-arm-64bit,3.12.14,0.1.0,60780a80765f2cd07ae227919d67fe52f729819a,1,calibration,random,20,fp64,2,fixed-total-cores,3,8,0.0917682917788624,0.0919706244021654,0.002204820634458084
2026-09-20T18:08:15-0700,pias-MacBook-Pro.local,Apple M2,8,macOS-15.6.1-arm64-arm-64bit,3.12.14,0.1.0,60780a80765f2cd07ae227919d67fe52f729819a,1,calibration,random,20,fp64,2,fixed-total-cores,3,9,0.0908735422417521,0.0904643749818205,-0.004502600535182097
2026-09-20T18:08:16-0700,pias-MacBook-Pro.local,Apple M2,8,macOS-15.6.1-arm64-arm-64bit,3.12.14,0.1.0,60780a80765f2cd07ae227919d67fe52f729819a,1,calibration,ghz,20,fp64,4,fixed-total-cores,3,0,0.0072010001167654,0.0074143335223197,0.029625524523686095
2026-09-20T18:08:17-0700,pias-MacBook-Pro.local,Apple M2,8,macOS-15.6.1-arm64-arm-64bit,3.12.14,0.1.0,60780a80765f2cd07ae227919d67fe52f729819a,1,calibration,ghz,20,fp64,4,fixed-total-cores,3,1,0.0074260840192437,0.0070092501118779,-0.05613105188220746
2026-09-20T18:08:17-0700,pias-MacBook-Pro.local,Apple M2,8,macOS-15.6.1-arm64-arm-64bit,3.12.14,0.1.0,60780a80765f2cd07ae227919d67fe52f729819a,1,calibration,ghz,20,fp64,4,fixed-total-cores,3,2,0.0072148749604821,0.0071564596146345,-0.008096515347467144
2026-09-20T18:08:18-0700,pias-MacBook-Pro.local,Apple M2,8,macOS-15.6.1-arm64-arm-64bit,3.12.14,0.1.0,60780a80765f2cd07ae227919d67fe52f729819a,1,calibration,ghz,20,fp64,4,fixed-total-cores,3,3,0.0072124581784009,0.0072326250374317,0.0027961145190683336
2026-09-20T18:08:19-0700,pias-MacBook-Pro.local,Apple M2,8,macOS-15.6.1-arm64-arm-64bit,3.12.14,0.1.0,60780a80765f2cd07ae227919d67fe52f729819a,1,calibration,ghz,20,fp64,4,fixed-total-cores,3,4,0.0073037082329392,0.0072454996407032,-0.007969731317234573
2026-09-20T18:08:19-0700,pias-MacBook-Pro.local,Apple M2,8,macOS-15.6.1-arm64-arm-64bit,3.12.14,0.1.0,60780a80765f2cd07ae227919d67fe52f729819a,1,calibration,ghz,20,fp64,4,fixed-total-cores,3,5,0.0071328338235616,0.0072090001776814,0.010678274021778414
2026-09-20T18:08:20-0700,pias-MacBook-Pro.local,Apple M2,8,macOS-15.6.1-arm64-arm-64bit,3.12.14,0.1.0,60780a80765f2cd07ae227919d67fe52f729819a,1,calibration,ghz,20,fp64,4,fixed-total-cores,3,6,0.0073920404538512,0.007269624620676,-0.016560492862484528
2026-09-20T18:08:21-0700,pias-MacBook-Pro.local,Apple M2,8,macOS-15.6.1-arm64-arm-64bit,3.12.14,0.1.0,60780a80765f2cd07ae227919d67fe52f729819a,1,calibration,ghz,20,fp64,4,fixed-total-cores,3,7,0.0071888752281665,0.0070857498794794,-0.014345129858847557
2026-09-20T18:08:21-0700,pias-MacBook-Pro.local,Apple M2,8,macOS-15.6.1-arm64-arm-64bit,3.12.14,0.1.0,60780a80765f2cd07ae227919d67fe52f729819a,1,calibration,ghz,20,fp64,4,fixed-total-cores,3,8,0.0071144998073577,0.0072417082265019,0.017880163411156967
2026-09-20T18:08:22-0700,pias-MacBook-Pro.local,Apple M2,8,macOS-15.6.1-arm64-arm-64bit,3.12.14,0.1.0,60780a80765f2cd07ae227919d67fe52f729819a,1,calibration,ghz,20,fp64,4,fixed-total-cores,3,9,0.0071066254749894,0.00714704208076,0.005687172612773765
2026-09-20T18:08:25-0700,pias-MacBook-Pro.local,Apple M2,8,macOS-15.6.1-arm64-arm-64bit,3.12.14,0.1.0,60780a80765f2cd07ae227919d67fe52f729819a,1,calibration,qft,20,fp64,4,fixed-total-cores,3,0,0.2937343334779143,0.2978827087208628,0.014122881700039489
2026-09-20T18:08:28-0700,pias-MacBook-Pro.local,Apple M2,8,macOS-15.6.1-arm64-arm-64bit,3.12.14,0.1.0,60780a80765f2cd07ae227919d67fe52f729819a,1,calibration,qft,20,fp64,4,fixed-total-cores,3,1,0.2912723757326603,0.2949804998934269,0.012730778713358126
2026-09-20T18:08:31-0700,pias-MacBook-Pro.local,Apple M2,8,macOS-15.6.1-arm64-arm-64bit,3.12.14,0.1.0,60780a80765f2cd07ae227919d67fe52f729819a,1,calibration,qft,20,fp64,4,fixed-total-cores,3,2,0.2937899995595217,0.2891025831922889,-0.015954989530823468
2026-09-20T18:08:34-0700,pias-MacBook-Pro.local,Apple M2,8,macOS-15.6.1-arm64-arm-64bit,3.12.14,0.1.0,60780a80765f2cd07ae227919d67fe52f729819a,1,calibration,qft,20,fp64,4,fixed-total-cores,3,3,0.2959560416638851,0.2955142920836806,-0.0014926188961069894
2026-09-20T18:08:38-0700,pias-MacBook-Pro.local,Apple M2,8,macOS-15.6.1-arm64-arm-64bit,3.12.14,0.1.0,60780a80765f2cd07ae227919d67fe52f729819a,1,calibration,qft,20,fp64,4,fixed-total-cores,3,4,0.2952044997364282,0.3629375007003546,0.22944433782141338
2026-09-20T18:08:42-0700,pias-MacBook-Pro.local,Apple M2,8,macOS-15.6.1-arm64-arm-64bit,3.12.14,0.1.0,60780a80765f2cd07ae227919d67fe52f729819a,1,calibration,qft,20,fp64,4,fixed-total-cores,3,5,0.3286498757079243,0.3045139154419303,-0.07343973647945018
2026-09-20T18:08:45-0700,pias-MacBook-Pro.local,Apple M2,8,macOS-15.6.1-arm64-arm-64bit,3.12.14,0.1.0,60780a80765f2cd07ae227919d67fe52f729819a,1,calibration,qft,20,fp64,4,fixed-total-cores,3,6,0.2905217502266168,0.3402036251500249,0.17100914091511063
2026-09-20T18:08:48-0700,pias-MacBook-Pro.local,Apple M2,8,macOS-15.6.1-arm64-arm-64bit,3.12.14,0.1.0,60780a80765f2cd07ae227919d67fe52f729819a,1,calibration,qft,20,fp64,4,fixed-total-cores,3,7,0.2930752923712134,0.295194374397397,0.007230503837558389
2026-09-20T18:08:51-0700,pias-MacBook-Pro.local,Apple M2,8,macOS-15.6.1-arm64-arm-64bit,3.12.14,0.1.0,60780a80765f2cd07ae227919d67fe52f729819a,1,calibration,qft,20,fp64,4,fixed-total-cores,3,8,0.2922629583626985,0.2986461669206619,0.02184063486431237
2026-09-20T18:08:54-0700,pias-MacBook-Pro.local,Apple M2,8,macOS-15.6.1-arm64-arm-64bit,3.12.14,0.1.0,60780a80765f2cd07ae227919d67fe52f729819a,1,calibration,qft,20,fp64,4,fixed-total-cores,3,9,0.2902474589645862,0.3142878748476505,0.08282730870004791
2026-09-20T18:08:56-0700,pias-MacBook-Pro.local,Apple M2,8,macOS-15.6.1-arm64-arm-64bit,3.12.14,0.1.0,60780a80765f2cd07ae227919d67fe52f729819a,1,calibration,ising,20,fp64,4,fixed-total-cores,3,0,0.1162352915853262,0.1192509997636079,0.02594485837434257
2026-09-20T18:08:58-0700,pias-MacBook-Pro.local,Apple M2,8,macOS-15.6.1-arm64-arm-64bit,3.12.14,0.1.0,60780a80765f2cd07ae227919d67fe52f729819a,1,calibration,ising,20,fp64,4,fixed-total-cores,3,1,0.1133206663653254,0.1130005419254303,-0.0028249431472903105
2026-09-20T18:08:59-0700,pias-MacBook-Pro.local,Apple M2,8,macOS-15.6.1-arm64-arm-64bit,3.12.14,0.1.0,60780a80765f2cd07ae227919d67fe52f729819a,1,calibration,ising,20,fp64,4,fixed-total-cores,3,2,0.1118015833199024,0.1118892915546894,0.000784499040018281
2026-09-20T18:09:01-0700,pias-MacBook-Pro.local,Apple M2,8,macOS-15.6.1-arm64-arm-64bit,3.12.14,0.1.0,60780a80765f2cd07ae227919d67fe52f729819a,1,calibration,ising,20,fp64,4,fixed-total-cores,3,3,0.1141928741708397,0.1127636674791574,-0.012515725714584557
2026-09-20T18:09:02-0700,pias-MacBook-Pro.local,Apple M2,8,macOS-15.6.1-arm64-arm-64bit,3.12.14,0.1.0,60780a80765f2cd07ae227919d67fe52f729819a,1,calibration,ising,20,fp64,4,fixed-total-cores,3,4,0.1121696243062615,0.1116470424458384,-0.004658853621514096
2026-09-20T18:09:04-0700,pias-MacBook-Pro.local,Apple M2,8,macOS-15.6.1-arm64-arm-64bit,3.12.14,0.1.0,60780a80765f2cd07ae227919d67fe52f729819a,1,calibration,ising,20,fp64,4,fixed-total-cores,3,5,0.1135890837758779,0.1154626663774252,0.016494389595078113
2026-09-20T18:09:06-0700,pias-MacBook-Pro.local,Apple M2,8,macOS-15.6.1-arm64-arm-64bit,3.12.14,0.1.0,60780a80765f2cd07ae227919d67fe52f729819a,1,calibration,ising,20,fp64,4,fixed-total-cores,3,6,0.112473958171904,0.112972792237997,0.004435107239051577
2026-09-20T18:09:07-0700,pias-MacBook-Pro.local,Apple M2,8,macOS-15.6.1-arm64-arm-64bit,3.12.14,0.1.0,60780a80765f2cd07ae227919d67fe52f729819a,1,calibration,ising,20,fp64,4,fixed-total-cores,3,7,0.1131219584494829,0.1222750842571258,0.08091378484868103
2026-09-20T18:09:09-0700,pias-MacBook-Pro.local,Apple M2,8,macOS-15.6.1-arm64-arm-64bit,3.12.14,0.1.0,60780a80765f2cd07ae227919d67fe52f729819a,1,calibration,ising,20,fp64,4,fixed-total-cores,3,8,0.1122984159737825,0.1129248328506946,0.005578145261268406
2026-09-20T18:09:11-0700,pias-MacBook-Pro.local,Apple M2,8,macOS-15.6.1-arm64-arm-64bit,3.12.14,0.1.0,60780a80765f2cd07ae227919d67fe52f729819a,1,calibration,ising,20,fp64,4,fixed-total-cores,3,9,0.1140082916244864,0.113261042162776,-0.006554343118934334
2026-09-20T18:09:15-0700,pias-MacBook-Pro.local,Apple M2,8,macOS-15.6.1-arm64-arm-64bit,3.12.14,0.1.0,60780a80765f2cd07ae227919d67fe52f729819a,1,calibration,grover,20,fp64,4,fixed-total-cores,3,0,0.4171002497896552,0.4089229581877589,-0.01960509878864881
2026-09-20T18:09:19-0700,pias-MacBook-Pro.local,Apple M2,8,macOS-15.6.1-arm64-arm-64bit,3.12.14,0.1.0,60780a80765f2cd07ae227919d67fe52f729819a,1,calibration,grover,20,fp64,4,fixed-total-cores,3,1,0.4106396250426769,0.4134656246751547,0.006881945774677882
2026-09-20T18:09:23-0700,pias-MacBook-Pro.local,Apple M2,8,macOS-15.6.1-arm64-arm-64bit,3.12.14,0.1.0,60780a80765f2cd07ae227919d67fe52f729819a,1,calibration,grover,20,fp64,4,fixed-total-cores,3,2,0.4515623338520527,0.4775955425575375,0.05765141765347989
2026-09-20T18:09:28-0700,pias-MacBook-Pro.local,Apple M2,8,macOS-15.6.1-arm64-arm-64bit,3.12.14,0.1.0,60780a80765f2cd07ae227919d67fe52f729819a,1,calibration,grover,20,fp64,4,fixed-total-cores,3,3,0.4377296669408679,0.4406717084348202,0.0067211379902877575
2026-09-20T18:09:32-0700,pias-MacBook-Pro.local,Apple M2,8,macOS-15.6.1-arm64-arm-64bit,3.12.14,0.1.0,60780a80765f2cd07ae227919d67fe52f729819a,1,calibration,grover,20,fp64,4,fixed-total-cores,3,4,0.4299435410648584,0.4156604995951056,-0.03322073738886135
2026-09-20T18:09:36-0700,pias-MacBook-Pro.local,Apple M2,8,macOS-15.6.1-arm64-arm-64bit,3.12.14,0.1.0,60780a80765f2cd07ae227919d67fe52f729819a,1,calibration,grover,20,fp64,4,fixed-total-cores,3,5,0.4135836251080036,0.4079263340681791,-0.013678711381155844
2026-09-20T18:09:41-0700,pias-MacBook-Pro.local,Apple M2,8,macOS-15.6.1-arm64-arm-64bit,3.12.14,0.1.0,60780a80765f2cd07ae227919d67fe52f729819a,1,calibration,grover,20,fp64,4,fixed-total-cores,3,6,0.4325866252183914,0.4804076254367828,0.11054664529734114
2026-09-20T18:09:45-0700,pias-MacBook-Pro.local,Apple M2,8,macOS-15.6.1-arm64-arm-64bit,3.12.14,0.1.0,60780a80765f2cd07ae227919d67fe52f729819a,1,calibration,grover,20,fp64,4,fixed-total-cores,3,7,0.4436124991625547,0.4424400832504034,-0.002642882953849477
2026-09-20T18:09:50-0700,pias-MacBook-Pro.local,Apple M2,8,macOS-15.6.1-arm64-arm-64bit,3.12.14,0.1.0,60780a80765f2cd07ae227919d67fe52f729819a,1,calibration,grover,20,fp64,4,fixed-total-cores,3,8,0.4165416257455945,0.4179972494021058,0.0034945454824731933
2026-09-20T18:09:54-0700,pias-MacBook-Pro.local,Apple M2,8,macOS-15.6.1-arm64-arm-64bit,3.12.14,0.1.0,60780a80765f2cd07ae227919d67fe52f729819a,1,calibration,grover,20,fp64,4,fixed-total-cores,3,9,0.4374540830031037,0.407988540828228,-0.06735688000120146
2026-09-20T18:09:55-0700,pias-MacBook-Pro.local,Apple M2,8,macOS-15.6.1-arm64-arm-64bit,3.12.14,0.1.0,60780a80765f2cd07ae227919d67fe52f729819a,1,calibration,random,20,fp64,4,fixed-total-cores,3,0,0.0969949169084429,0.1041839998215437,0.07411814084945122
2026-09-20T18:09:57-0700,pias-MacBook-Pro.local,Apple M2,8,macOS-15.6.1-arm64-arm-64bit,3.12.14,0.1.0,60780a80765f2cd07ae227919d67fe52f729819a,1,calibration,random,20,fp64,4,fixed-total-cores,3,1,0.0979080833494663,0.0919391652569174,-0.060964507611121974
2026-09-20T18:09:58-0700,pias-MacBook-Pro.local,Apple M2,8,macOS-15.6.1-arm64-arm-64bit,3.12.14,0.1.0,60780a80765f2cd07ae227919d67fe52f729819a,1,calibration,random,20,fp64,4,fixed-total-cores,3,2,0.0922153340652585,0.0925252921879291,0.0033612427457156454
2026-09-20T18:10:00-0700,pias-MacBook-Pro.local,Apple M2,8,macOS-15.6.1-arm64-arm-64bit,3.12.14,0.1.0,60780a80765f2cd07ae227919d67fe52f729819a,1,calibration,random,20,fp64,4,fixed-total-cores,3,3,0.0912577081471681,0.0925438748672604,0.014093787212123942
2026-09-20T18:10:01-0700,pias-MacBook-Pro.local,Apple M2,8,macOS-15.6.1-arm64-arm-64bit,3.12.14,0.1.0,60780a80765f2cd07ae227919d67fe52f729819a,1,calibration,random,20,fp64,4,fixed-total-cores,3,4,0.0958543326705694,0.0904821250587701,-0.05604553766246983
2026-09-20T18:10:03-0700,pias-MacBook-Pro.local,Apple M2,8,macOS-15.6.1-arm64-arm-64bit,3.12.14,0.1.0,60780a80765f2cd07ae227919d67fe52f729819a,1,calibration,random,20,fp64,4,fixed-total-cores,3,5,0.0917454175651073,0.0922151673585176,0.005120144481079313
2026-09-20T18:10:04-0700,pias-MacBook-Pro.local,Apple M2,8,macOS-15.6.1-arm64-arm-64bit,3.12.14,0.1.0,60780a80765f2cd07ae227919d67fe52f729819a,1,calibration,random,20,fp64,4,fixed-total-cores,3,6,0.092557749710977,0.091550875455141,-0.01087833551463908
2026-09-20T18:10:05-0700,pias-MacBook-Pro.local,Apple M2,8,macOS-15.6.1-arm64-arm-64bit,3.12.14,0.1.0,60780a80765f2cd07ae227919d67fe52f729819a,1,calibration,random,20,fp64,4,fixed-total-cores,3,7,0.0939360000193119,0.0993870003148913,0.05802887385516462
2026-09-20T18:10:07-0700,pias-MacBook-Pro.local,Apple M2,8,macOS-15.6.1-arm64-arm-64bit,3.12.14,0.1.0,60780a80765f2cd07ae227919d67fe52f729819a,1,calibration,random,20,fp64,4,fixed-total-cores,3,8,0.0893090823665261,0.1032011667266488,0.1555506337318452
2026-09-20T18:10:08-0700,pias-MacBook-Pro.local,Apple M2,8,macOS-15.6.1-arm64-arm-64bit,3.12.14,0.1.0,60780a80765f2cd07ae227919d67fe52f729819a,1,calibration,random,20,fp64,4,fixed-total-cores,3,9,0.0939090000465512,0.0929720420390367,-0.00997729724573842
2026-09-20T18:10:09-0700,pias-MacBook-Pro.local,Apple M2,8,macOS-15.6.1-arm64-arm-64bit,3.12.14,0.1.0,60780a80765f2cd07ae227919d67fe52f729819a,1,calibration,ghz,20,fp64,8,fixed-total-cores,3,0,0.01497483253479,0.0098726665601134,-0.3407160622880481
2026-09-20T18:10:11-0700,pias-MacBook-Pro.local,Apple M2,8,macOS-15.6.1-arm64-arm-64bit,3.12.14,0.1.0,60780a80765f2cd07ae227919d67fe52f729819a,1,calibration,ghz,20,fp64,8,fixed-total-cores,3,1,0.0323059577494859,0.0095025831833481,-0.705856633100459
2026-09-20T18:10:12-0700,pias-MacBook-Pro.local,Apple M2,8,macOS-15.6.1-arm64-arm-64bit,3.12.14,0.1.0,60780a80765f2cd07ae227919d67fe52f729819a,1,calibration,ghz,20,fp64,8,fixed-total-cores,3,2,0.0126277906820178,0.0156162083148956,0.23665403617541436
2026-09-20T18:10:13-0700,pias-MacBook-Pro.local,Apple M2,8,macOS-15.6.1-arm64-arm-64bit,3.12.14,0.1.0,60780a80765f2cd07ae227919d67fe52f729819a,1,calibration,ghz,20,fp64,8,fixed-total-cores,3,3,0.0116092506796121,0.0124990828335285,0.0766485433447571
2026-09-20T18:10:14-0700,pias-MacBook-Pro.local,Apple M2,8,macOS-15.6.1-arm64-arm-64bit,3.12.14,0.1.0,60780a80765f2cd07ae227919d67fe52f729819a,1,calibration,ghz,20,fp64,8,fixed-total-cores,3,4,0.011151541955769,0.011780166067183,0.056371048408134825
2026-09-20T18:10:15-0700,pias-MacBook-Pro.local,Apple M2,8,macOS-15.6.1-arm64-arm-64bit,3.12.14,0.1.0,60780a80765f2cd07ae227919d67fe52f729819a,1,calibration,ghz,20,fp64,8,fixed-total-cores,3,5,0.0105806654319167,0.0117094572633504,0.1066843894362907
2026-09-20T18:10:16-0700,pias-MacBook-Pro.local,Apple M2,8,macOS-15.6.1-arm64-arm-64bit,3.12.14,0.1.0,60780a80765f2cd07ae227919d67fe52f729819a,1,calibration,ghz,20,fp64,8,fixed-total-cores,3,6,0.0106620835140347,0.0100147500634193,-0.060713597840731784
2026-09-20T18:10:17-0700,pias-MacBook-Pro.local,Apple M2,8,macOS-15.6.1-arm64-arm-64bit,3.12.14,0.1.0,60780a80765f2cd07ae227919d67fe52f729819a,1,calibration,ghz,20,fp64,8,fixed-total-cores,3,7,0.0112511673942208,0.0109935412183403,-0.02289772846263316
2026-09-20T18:10:18-0700,pias-MacBook-Pro.local,Apple M2,8,macOS-15.6.1-arm64-arm-64bit,3.12.14,0.1.0,60780a80765f2cd07ae227919d67fe52f729819a,1,calibration,ghz,20,fp64,8,fixed-total-cores,3,8,0.0116785829886794,0.0111147919669747,-0.048275636029748555
2026-09-20T18:10:19-0700,pias-MacBook-Pro.local,Apple M2,8,macOS-15.6.1-arm64-arm-64bit,3.12.14,0.1.0,60780a80765f2cd07ae227919d67fe52f729819a,1,calibration,ghz,20,fp64,8,fixed-total-cores,3,9,0.0114302076399326,0.0101102078333497,-0.1154834494844473
2026-09-20T18:10:22-0700,pias-MacBook-Pro.local,Apple M2,8,macOS-15.6.1-arm64-arm-64bit,3.12.14,0.1.0,60780a80765f2cd07ae227919d67fe52f729819a,1,calibration,qft,20,fp64,8,fixed-total-cores,3,0,0.275264666415751,0.2867520833387971,0.04173226107304264
2026-09-20T18:10:26-0700,pias-MacBook-Pro.local,Apple M2,8,macOS-15.6.1-arm64-arm-64bit,3.12.14,0.1.0,60780a80765f2cd07ae227919d67fe52f729819a,1,calibration,qft,20,fp64,8,fixed-total-cores,3,1,0.306015707552433,0.3037432497367263,-0.00742595154308334
2026-09-20T18:10:30-0700,pias-MacBook-Pro.local,Apple M2,8,macOS-15.6.1-arm64-arm-64bit,3.12.14,0.1.0,60780a80765f2cd07ae227919d67fe52f729819a,1,calibration,qft,20,fp64,8,fixed-total-cores,3,2,0.3343250826001167,0.3005015840753913,-0.10116949126781903
2026-09-20T18:10:33-0700,pias-MacBook-Pro.local,Apple M2,8,macOS-15.6.1-arm64-arm-64bit,3.12.14,0.1.0,60780a80765f2cd07ae227919d67fe52f729819a,1,calibration,qft,20,fp64,8,fixed-total-cores,3,3,0.2769234990701079,0.279529208317399,0.009409491271202896
2026-09-20T18:10:37-0700,pias-MacBook-Pro.local,Apple M2,8,macOS-15.6.1-arm64-arm-64bit,3.12.14,0.1.0,60780a80765f2cd07ae227919d67fe52f729819a,1,calibration,qft,20,fp64,8,fixed-total-cores,3,4,0.2718071667477488,0.2791102072224021,0.026868461792366575
2026-09-20T18:10:40-0700,pias-MacBook-Pro.local,Apple M2,8,macOS-15.6.1-arm64-arm-64bit,3.12.14,0.1.0,60780a80765f2cd07ae227919d67fe52f729819a,1,calibration,qft,20,fp64,8,fixed-total-cores,3,5,0.2643262920901179,0.2812044573947787,0.06385352426048656
2026-09-20T18:10:43-0700,pias-MacBook-Pro.local,Apple M2,8,macOS-15.6.1-arm64-arm-64bit,3.12.14,0.1.0,60780a80765f2cd07ae227919d67fe52f729819a,1,calibration,qft,20,fp64,8,fixed-total-cores,3,6,0.2780690416693687,0.2743907496333122,-0.01322798113006067
2026-09-20T18:10:47-0700,pias-MacBook-Pro.local,Apple M2,8,macOS-15.6.1-arm64-arm-64bit,3.12.14,0.1.0,60780a80765f2cd07ae227919d67fe52f729819a,1,calibration,qft,20,fp64,8,fixed-total-cores,3,7,0.3193029165267944,0.2716937912628054,-0.14910332101521484
2026-09-20T18:10:50-0700,pias-MacBook-Pro.local,Apple M2,8,macOS-15.6.1-arm64-arm-64bit,3.12.14,0.1.0,60780a80765f2cd07ae227919d67fe52f729819a,1,calibration,qft,20,fp64,8,fixed-total-cores,3,8,0.3131718747317791,0.3177374172955751,0.014578392672414205
2026-09-20T18:10:54-0700,pias-MacBook-Pro.local,Apple M2,8,macOS-15.6.1-arm64-arm-64bit,3.12.14,0.1.0,60780a80765f2cd07ae227919d67fe52f729819a,1,calibration,qft,20,fp64,8,fixed-total-cores,3,9,0.3080686666071415,0.2598193753510713,-0.15661862592991047
2026-09-20T18:10:56-0700,pias-MacBook-Pro.local,Apple M2,8,macOS-15.6.1-arm64-arm-64bit,3.12.14,0.1.0,60780a80765f2cd07ae227919d67fe52f729819a,1,calibration,ising,20,fp64,8,fixed-total-cores,3,0,0.1536579588428139,0.1443933751434087,-0.06029354918662253
2026-09-20T18:10:58-0700,pias-MacBook-Pro.local,Apple M2,8,macOS-15.6.1-arm64-arm-64bit,3.12.14,0.1.0,60780a80765f2cd07ae227919d67fe52f729819a,1,calibration,ising,20,fp64,8,fixed-total-cores,3,1,0.1712194168940186,0.1562516670674085,-0.08741853055062573
2026-09-20T18:11:00-0700,pias-MacBook-Pro.local,Apple M2,8,macOS-15.6.1-arm64-arm-64bit,3.12.14,0.1.0,60780a80765f2cd07ae227919d67fe52f729819a,1,calibration,ising,20,fp64,8,fixed-total-cores,3,2,0.1399636249989271,0.145406374707818,0.03888688728183939
2026-09-20T18:11:02-0700,pias-MacBook-Pro.local,Apple M2,8,macOS-15.6.1-arm64-arm-64bit,3.12.14,0.1.0,60780a80765f2cd07ae227919d67fe52f729819a,1,calibration,ising,20,fp64,8,fixed-total-cores,3,3,0.1427189586684107,0.1444482505321502,0.012116763462080097
2026-09-20T18:11:05-0700,pias-MacBook-Pro.local,Apple M2,8,macOS-15.6.1-arm64-arm-64bit,3.12.14,0.1.0,60780a80765f2cd07ae227919d67fe52f729819a,1,calibration,ising,20,fp64,8,fixed-total-cores,3,4,0.1602495424449443,0.1715694572776556,0.07063929581328071
2026-09-20T18:11:07-0700,pias-MacBook-Pro.local,Apple M2,8,macOS-15.6.1-arm64-arm-64bit,3.12.14,0.1.0,60780a80765f2cd07ae227919d67fe52f729819a,1,calibration,ising,20,fp64,8,fixed-total-cores,3,5,0.1414280831813812,0.1566732916980981,0.10779477578837689
2026-09-20T18:11:09-0700,pias-MacBook-Pro.local,Apple M2,8,macOS-15.6.1-arm64-arm-64bit,3.12.14,0.1.0,60780a80765f2cd07ae227919d67fe52f729819a,1,calibration,ising,20,fp64,8,fixed-total-cores,3,6,0.1559840003028512,0.1435611248016357,-0.07964198556964716
2026-09-20T18:11:11-0700,pias-MacBook-Pro.local,Apple M2,8,macOS-15.6.1-arm64-arm-64bit,3.12.14,0.1.0,60780a80765f2cd07ae227919d67fe52f729819a,1,calibration,ising,20,fp64,8,fixed-total-cores,3,7,0.1459175422787666,0.1476759575307369,0.012050746089260095
2026-09-20T18:11:13-0700,pias-MacBook-Pro.local,Apple M2,8,macOS-15.6.1-arm64-arm-64bit,3.12.14,0.1.0,60780a80765f2cd07ae227919d67fe52f729819a,1,calibration,ising,20,fp64,8,fixed-total-cores,3,8,0.1467621251940727,0.1497737076133489,0.020520160874570377
2026-09-20T18:11:16-0700,pias-MacBook-Pro.local,Apple M2,8,macOS-15.6.1-arm64-arm-64bit,3.12.14,0.1.0,60780a80765f2cd07ae227919d67fe52f729819a,1,calibration,ising,20,fp64,8,fixed-total-cores,3,9,0.1658003749325871,0.1649205833673477,-0.005306330372275195
2026-09-20T18:11:21-0700,pias-MacBook-Pro.local,Apple M2,8,macOS-15.6.1-arm64-arm-64bit,3.12.14,0.1.0,60780a80765f2cd07ae227919d67fe52f729819a,1,calibration,grover,20,fp64,8,fixed-total-cores,3,0,0.588319749571383,0.4924304997548461,-0.1629883237582904
2026-09-20T18:11:27-0700,pias-MacBook-Pro.local,Apple M2,8,macOS-15.6.1-arm64-arm-64bit,3.12.14,0.1.0,60780a80765f2cd07ae227919d67fe52f729819a,1,calibration,grover,20,fp64,8,fixed-total-cores,3,1,0.5208883751183748,0.5680926246568561,0.0906225820988111
2026-09-20T18:11:32-0700,pias-MacBook-Pro.local,Apple M2,8,macOS-15.6.1-arm64-arm-64bit,3.12.14,0.1.0,60780a80765f2cd07ae227919d67fe52f729819a,1,calibration,grover,20,fp64,8,fixed-total-cores,3,2,0.5006232922896743,0.5109665421769023,0.020660744409077805
2026-09-20T18:11:38-0700,pias-MacBook-Pro.local,Apple M2,8,macOS-15.6.1-arm64-arm-64bit,3.12.14,0.1.0,60780a80765f2cd07ae227919d67fe52f729819a,1,calibration,grover,20,fp64,8,fixed-total-cores,3,3,0.5678643332794309,0.4825107920914888,-0.1503062196123909
2026-09-20T18:11:43-0700,pias-MacBook-Pro.local,Apple M2,8,macOS-15.6.1-arm64-arm-64bit,3.12.14,0.1.0,60780a80765f2cd07ae227919d67fe52f729819a,1,calibration,grover,20,fp64,8,fixed-total-cores,3,4,0.4753650827333331,0.4622035417705774,-0.027687227019446446
2026-09-20T18:11:48-0700,pias-MacBook-Pro.local,Apple M2,8,macOS-15.6.1-arm64-arm-64bit,3.12.14,0.1.0,60780a80765f2cd07ae227919d67fe52f729819a,1,calibration,grover,20,fp64,8,fixed-total-cores,3,5,0.4810560839250684,0.5789082925766706,0.2034112277578932
2026-09-20T18:11:53-0700,pias-MacBook-Pro.local,Apple M2,8,macOS-15.6.1-arm64-arm-64bit,3.12.14,0.1.0,60780a80765f2cd07ae227919d67fe52f729819a,1,calibration,grover,20,fp64,8,fixed-total-cores,3,6,0.4500868748873472,0.5519582917913795,0.22633723085022142
2026-09-20T18:11:58-0700,pias-MacBook-Pro.local,Apple M2,8,macOS-15.6.1-arm64-arm-64bit,3.12.14,0.1.0,60780a80765f2cd07ae227919d67fe52f729819a,1,calibration,grover,20,fp64,8,fixed-total-cores,3,7,0.5383803332224488,0.4727024175226688,-0.12199166954459152
2026-09-20T18:12:04-0700,pias-MacBook-Pro.local,Apple M2,8,macOS-15.6.1-arm64-arm-64bit,3.12.14,0.1.0,60780a80765f2cd07ae227919d67fe52f729819a,1,calibration,grover,20,fp64,8,fixed-total-cores,3,8,0.5169477919116616,0.4407842075452208,-0.14733322311870134
2026-09-20T18:12:09-0700,pias-MacBook-Pro.local,Apple M2,8,macOS-15.6.1-arm64-arm-64bit,3.12.14,0.1.0,60780a80765f2cd07ae227919d67fe52f729819a,1,calibration,grover,20,fp64,8,fixed-total-cores,3,9,0.4493577927350998,0.5016958331689239,0.11647297828142435
2026-09-20T18:12:12-0700,pias-MacBook-Pro.local,Apple M2,8,macOS-15.6.1-arm64-arm-64bit,3.12.14,0.1.0,60780a80765f2cd07ae227919d67fe52f729819a,1,calibration,random,20,fp64,8,fixed-total-cores,3,0,0.1353319995105266,0.1292061675339937,-0.045265214425923114
2026-09-20T18:12:14-0700,pias-MacBook-Pro.local,Apple M2,8,macOS-15.6.1-arm64-arm-64bit,3.12.14,0.1.0,60780a80765f2cd07ae227919d67fe52f729819a,1,calibration,random,20,fp64,8,fixed-total-cores,3,1,0.1498158341273665,0.1173674575984478,-0.2165884315093996
2026-09-20T18:12:16-0700,pias-MacBook-Pro.local,Apple M2,8,macOS-15.6.1-arm64-arm-64bit,3.12.14,0.1.0,60780a80765f2cd07ae227919d67fe52f729819a,1,calibration,random,20,fp64,8,fixed-total-cores,3,2,0.1363020837306976,0.1492749163880944,0.0951770677477551
2026-09-20T18:12:19-0700,pias-MacBook-Pro.local,Apple M2,8,macOS-15.6.1-arm64-arm-64bit,3.12.14,0.1.0,60780a80765f2cd07ae227919d67fe52f729819a,1,calibration,random,20,fp64,8,fixed-total-cores,3,3,0.1404437078163027,0.1545746652409434,0.10061652205254859
2026-09-20T18:12:21-0700,pias-MacBook-Pro.local,Apple M2,8,macOS-15.6.1-arm64-arm-64bit,3.12.14,0.1.0,60780a80765f2cd07ae227919d67fe52f729819a,1,calibration,random,20,fp64,8,fixed-total-cores,3,4,0.1183104170486331,0.1297690421342849,0.09685220770493581
2026-09-20T18:12:23-0700,pias-MacBook-Pro.local,Apple M2,8,macOS-15.6.1-arm64-arm-64bit,3.12.14,0.1.0,60780a80765f2cd07ae227919d67fe52f729819a,1,calibration,random,20,fp64,8,fixed-total-cores,3,5,0.1288153752684593,0.1324571250006556,0.028271079633208917
2026-09-20T18:12:25-0700,pias-MacBook-Pro.local,Apple M2,8,macOS-15.6.1-arm64-arm-64bit,3.12.14,0.1.0,60780a80765f2cd07ae227919d67fe52f729819a,1,calibration,random,20,fp64,8,fixed-total-cores,3,6,0.1453809579834342,0.1229395838454365,-0.15436254134846764
2026-09-20T18:12:28-0700,pias-MacBook-Pro.local,Apple M2,8,macOS-15.6.1-arm64-arm-64bit,3.12.14,0.1.0,60780a80765f2cd07ae227919d67fe52f729819a,1,calibration,random,20,fp64,8,fixed-total-cores,3,7,0.125129041261971,0.1279388749971985,0.022455488405324027
2026-09-20T18:12:30-0700,pias-MacBook-Pro.local,Apple M2,8,macOS-15.6.1-arm64-arm-64bit,3.12.14,0.1.0,60780a80765f2cd07ae227919d67fe52f729819a,1,calibration,random,20,fp64,8,fixed-total-cores,3,8,0.1181297916918993,0.1277640834450721,0.08155683350649182
2026-09-20T18:12:32-0700,pias-MacBook-Pro.local,Apple M2,8,macOS-15.6.1-arm64-arm-64bit,3.12.14,0.1.0,60780a80765f2cd07ae227919d67fe52f729819a,1,calibration,random,20,fp64,8,fixed-total-cores,3,9,0.1350806253030896,0.140025457367301,0.03660652334941699
