timestamp,hostname,cpu_model,aegisq_version,git_commit,experiment,circuit_family,qubits,depth,gates,two_qubit_gates,seed,fidelity,infidelity,max_amplitude_error,norm_error,fp64_seconds,fp32_seconds,speedup
2026-09-19T23:25:10-0700,pias-MacBook-Pro.local,Apple M2,0.1.0,1a8b8b3ff33e12b424b78c8fefd6df2a2264a28d,precision,random,18,4,34,12,0,0.9999999999999966,3.4929414798234932e-15,5.057694486968151e-08,2.8145088482034453e-09,0.10885895788669586,0.0041201673448085785,26.421003997291137
2026-09-19T23:25:10-0700,pias-MacBook-Pro.local,Apple M2,0.1.0,1a8b8b3ff33e12b424b78c8fefd6df2a2264a28d,precision,random,18,4,39,10,1,0.999999999999987,1.2944269389929417e-14,7.224670306216624e-08,2.566655015190378e-07,0.006580250337719917,0.004585708491504192,1.4349473696182289
2026-09-19T23:25:10-0700,pias-MacBook-Pro.local,Apple M2,0.1.0,1a8b8b3ff33e12b424b78c8fefd6df2a2264a28d,precision,random,18,4,37,12,2,0.9999999999999949,5.068347050135997e-15,7.529273515858159e-08,1.0807784578403812e-07,0.005227833986282349,0.004601666703820229,1.1360740189945278
2026-09-19T23:25:10-0700,pias-MacBook-Pro.local,Apple M2,0.1.0,1a8b8b3ff33e12b424b78c8fefd6df2a2264a28d,precision,random,18,4,41,12,3,0.9999999999999933,6.6968461348472385e-15,3.8505903272511794e-08,2.4127475917179453e-07,0.005429582670331001,0.004610875621438026,1.1775599942636577
2026-09-19T23:25:10-0700,pias-MacBook-Pro.local,Apple M2,0.1.0,1a8b8b3ff33e12b424b78c8fefd6df2a2264a28d,precision,random,18,4,43,18,4,0.9999999999999944,5.56794962012054e-15,3.991215624393806e-08,2.1251695681012706e-07,0.0058688754215836525,0.0049895839765667915,1.1762254025879488
2026-09-19T23:25:10-0700,pias-MacBook-Pro.local,Apple M2,0.1.0,1a8b8b3ff33e12b424b78c8fefd6df2a2264a28d,precision,random,18,16,148,45,0,0.999999999999953,4.6989319068487206e-14,3.269385725830562e-08,5.8234573829807346e-08,0.016427291557192802,0.015481958165764809,1.0610603246247239
2026-09-19T23:25:10-0700,pias-MacBook-Pro.local,Apple M2,0.1.0,1a8b8b3ff33e12b424b78c8fefd6df2a2264a28d,precision,random,18,16,154,44,1,0.9999999999999187,8.121595418636074e-14,2.0376996152165498e-08,6.293703508353232e-07,0.01742741744965315,0.016354583203792572,1.065598385021013
2026-09-19T23:25:10-0700,pias-MacBook-Pro.local,Apple M2,0.1.0,1a8b8b3ff33e12b424b78c8fefd6df2a2264a28d,precision,random,18,16,161,57,2,0.9999999999999484,5.162672179842314e-14,6.656216590319275e-08,5.430158576125166e-07,0.02059837430715561,0.019440708681941032,1.0595485300538432
2026-09-19T23:25:11-0700,pias-MacBook-Pro.local,Apple M2,0.1.0,1a8b8b3ff33e12b424b78c8fefd6df2a2264a28d,precision,random,18,16,163,49,3,0.9999999999999389,6.10707424323875e-14,2.2606275214049417e-08,1.7992172662850692e-07,0.020666166208684444,0.01914987526834011,1.0791801993014112
2026-09-19T23:25:11-0700,pias-MacBook-Pro.local,Apple M2,0.1.0,1a8b8b3ff33e12b424b78c8fefd6df2a2264a28d,precision,random,18,16,164,56,4,0.9999999999999302,6.980490200973907e-14,1.6987371616346222e-08,4.953840067045689e-07,0.0243752496317029,0.02207924984395504,1.1039890306045188
2026-09-19T23:25:11-0700,pias-MacBook-Pro.local,Apple M2,0.1.0,1a8b8b3ff33e12b424b78c8fefd6df2a2264a28d,precision,random,18,62,639,207,0,0.9999999999996873,3.1271073943890627e-13,9.920044314250484e-09,2.515120769430723e-06,0.09293666761368513,0.09371470846235752,0.9916977722980923
2026-09-19T23:25:11-0700,pias-MacBook-Pro.local,Apple M2,0.1.0,1a8b8b3ff33e12b424b78c8fefd6df2a2264a28d,precision,random,18,62,628,189,1,0.9999999999996506,3.49382764251552e-13,8.610052665091675e-09,1.9011946075231378e-06,0.07414887472987175,0.06938266661018133,1.0686945076133902
2026-09-19T23:25:11-0700,pias-MacBook-Pro.local,Apple M2,0.1.0,1a8b8b3ff33e12b424b78c8fefd6df2a2264a28d,precision,random,18,63,654,230,2,0.9999999999996922,3.0773792481989154e-13,7.471751139579466e-09,1.8134527314250803e-06,0.09531908296048641,0.06898404099047184,1.381755571171193
2026-09-19T23:25:12-0700,pias-MacBook-Pro.local,Apple M2,0.1.0,1a8b8b3ff33e12b424b78c8fefd6df2a2264a28d,precision,random,18,64,656,207,3,0.9999999999996684,3.3160658608946706e-13,7.22401183648562e-09,1.5641760078288769e-06,0.07646754197776318,0.06864645890891552,1.113932797017617
2026-09-19T23:25:12-0700,pias-MacBook-Pro.local,Apple M2,0.1.0,1a8b8b3ff33e12b424b78c8fefd6df2a2264a28d,precision,random,18,61,643,209,4,0.9999999999996665,3.3350496463647073e-13,9.168654949984643e-09,2.1448952784997033e-06,0.06550891697406769,0.06329545844346285,1.0349702582939968
2026-09-19T23:25:12-0700,pias-MacBook-Pro.local,Apple M2,0.1.0,1a8b8b3ff33e12b424b78c8fefd6df2a2264a28d,precision,random,18,247,2527,809,0,0.9999999999986544,1.3456328912817127e-12,2.9806526833828906e-08,7.729300559145003e-06,0.26308341696858406,0.2467360831797123,1.066254329639192
2026-09-19T23:25:13-0700,pias-MacBook-Pro.local,Apple M2,0.1.0,1a8b8b3ff33e12b424b78c8fefd6df2a2264a28d,precision,random,18,249,2553,790,1,0.9999999999985432,1.4567809528328154e-12,3.377694837907393e-08,9.410512584406838e-06,0.2872348753735423,0.27360029239207506,1.0498339488684778
2026-09-19T23:25:13-0700,pias-MacBook-Pro.local,Apple M2,0.1.0,1a8b8b3ff33e12b424b78c8fefd6df2a2264a28d,precision,random,18,248,2533,828,2,0.9999999999986506,1.3493900033575937e-12,3.428496648438698e-08,9.399370518581307e-06,0.28218462504446507,0.2515576258301735,1.1217494365882108
2026-09-19T23:25:14-0700,pias-MacBook-Pro.local,Apple M2,0.1.0,1a8b8b3ff33e12b424b78c8fefd6df2a2264a28d,precision,random,18,251,2577,819,3,0.9999999999986261,1.3738527479297669e-12,3.19591328289387e-08,8.342542503703143e-06,0.32792679127305746,0.2784589175134897,1.1776487325358194
2026-09-19T23:25:15-0700,pias-MacBook-Pro.local,Apple M2,0.1.0,1a8b8b3ff33e12b424b78c8fefd6df2a2264a28d,precision,random,18,244,2510,786,4,0.9999999999986072,1.3927731652674088e-12,3.078344526449216e-08,8.104193898073042e-06,0.26105675008147955,0.26763341668993235,0.97542658652349
2026-09-19T23:25:17-0700,pias-MacBook-Pro.local,Apple M2,0.1.0,1a8b8b3ff33e12b424b78c8fefd6df2a2264a28d,precision,random,18,988,10141,3234,0,0.9999999999943741,5.625917363261409e-12,1.1644763877723797e-07,3.371355117831598e-05,1.076556958258152,1.0115928752347827,1.0642195932907215
2026-09-19T23:25:19-0700,pias-MacBook-Pro.local,Apple M2,0.1.0,1a8b8b3ff33e12b424b78c8fefd6df2a2264a28d,precision,random,18,992,10125,3197,1,0.9999999999942752,5.7247142047276875e-12,1.308912847085068e-07,3.74431145998555e-05,1.0672519588842988,1.1893032500520349,0.8973758028808918
2026-09-19T23:25:21-0700,pias-MacBook-Pro.local,Apple M2,0.1.0,1a8b8b3ff33e12b424b78c8fefd6df2a2264a28d,precision,random,18,986,10151,3218,2,0.999999999994355,5.645027816950635e-12,1.1421758566202847e-07,3.388548338345565e-05,1.083730916492641,0.9848249163478613,1.100430034316723
2026-09-19T23:25:24-0700,pias-MacBook-Pro.local,Apple M2,0.1.0,1a8b8b3ff33e12b424b78c8fefd6df2a2264a28d,precision,random,18,992,10198,3242,3,0.9999999999944168,5.583250527836993e-12,1.2197133985342388e-07,3.361026692627611e-05,1.334210124798119,1.096940791234374,1.216300948473936
2026-09-19T23:25:26-0700,pias-MacBook-Pro.local,Apple M2,0.1.0,1a8b8b3ff33e12b424b78c8fefd6df2a2264a28d,precision,random,18,983,10159,3229,4,0.999999999994524,5.475919503779333e-12,1.1475985028154542e-07,3.30983457710321e-05,1.0557191669940948,1.1343771666288376,0.9306597470852662
2026-09-19T23:25:26-0700,pias-MacBook-Pro.local,Apple M2,0.1.0,1a8b8b3ff33e12b424b78c8fefd6df2a2264a28d,precision,qft,18,631,792,315,0,0.9999999999996801,3.1983975419207287e-13,1.2153119983422824e-08,9.42196735342904e-06,0.08206645771861076,0.07975262496620417,1.029012621884071
2026-09-19T23:25:26-0700,pias-MacBook-Pro.local,Apple M2,0.1.0,1a8b8b3ff33e12b424b78c8fefd6df2a2264a28d,precision,ising,18,74,294,136,0,0.9999999999997391,2.609370818025146e-13,7.076389340502496e-08,5.529604696796753e-06,0.03703408408910036,0.0314545426517725,1.1773842811544883
2026-09-19T23:25:27-0700,pias-MacBook-Pro.local,Apple M2,0.1.0,1a8b8b3ff33e12b424b78c8fefd6df2a2264a28d,precision,grover,18,653,1082,388,0,0.9999999999996613,3.387378091433846e-13,1.535333655833224e-06,1.964040571100778e-05,0.13241950049996376,0.1485317498445511,0.8915231971517878
